festivalId,festival_title,festival_desc,festival_image,festival_region,festival_place,festival_price,festival_period
1,울산스타트업페스타,"울산스타트업페스타(USF)는 지역 창업가와 VC, 유관기관, 대·중소·중견기업이 모여 1년간의 성과를 공유하는 자리이다.포럼, 데모데이, 경진재회, 전시, 체험 등의 이벤트가 준비되어 있어서 누구나 재미있게 즐길 수 있는 축제이다.",https://www.mcst.go.kr/attachFiles/cultureInfoCourt/localFestival/notifyFestival/1669597168565.jpg,울산시 울주군,울산전시컨벤션센터 1층 A홀,무료,기간 : 2022. 11. 30. ~ 12. 4.
2,2022 유성온천 크리스마스 축제,"유성온천의 겨울을 테마로 경관조명(빛 거리 조성)과 함께 유럽형 크리스마스 마켓 운영으로 사계절 다양한 문화예술 향유 기회를 제공한다.기간 :  2022.12.2(금)~12.4(일) / 경관조명 2022.12.2~2023.1.24(대학로, 온천로)- 성탄트리점등식 : 12.2(금) 18시 / 워터스크린 앞- 크리스마스마켓 : 12.3(토)~12.4(일) 11:00~20:00 / 두드림공연장 앞특히 온 가족이 즐길 수 있는 프로그램을 운영하며, 매일 13시부터는 어린이들을 위한 마술쇼(토)와 어린이뮤지컬코코몽(일)을 공연한다.더불어 어린이 놀이존(꼬마레일기차)과 스티커사진기, K-food존(군고구마, 군밤, 붕어빵, 호떡 등) 등 다양한 부대프로그램을 선보인다.",https://www.mcst.go.kr/attachFiles/cultureInfoCourt/localFestival/notifyFestival/1669335332707.jpg,대전시 유성구,유성온천공원,무료,기간 : 2022. 12. 2. ~ 4.
3,2022 부산美아트페스티벌,"2022 부산미아트페스티벌은 부산 뷰티산업을 전국적으로 널리 알리고 지역경제효과 창출, 인재를 육성하는 B-Beauty 축제의 장이다. 피부미용, 네일 기능경진대회와 오프라인 체험, 온라인 이벤트등 누구나 즐길 수 있는 다채로운 프로그램을 만날 수 있다.",https://www.mcst.go.kr/attachFiles/cultureInfoCourt/localFestival/notifyFestival/1669335550281.jpg,부산시 해운대구,벡스코 제2전시장 4AB홀,무료,기간 : 2022. 12. 6. ~ 7. / 10:00-18:00
4,고성 가리비 수산물 축제,"제 6회 온라인 고성가리비 수산물 축제는 전국 가리비 생산량의 70%이상을 담당하는 경상남도 고성의 대한민국 최고 명품 가리비와 싱싱한 국내산 수산물을 널리 알리고 다양한 이벤트와 체험을 즐길 수 있는 축제이다.어려움을 겪고 있는 고성 어업인들을 응원하고 ‘대한민국 명품 가리비, 고성 가리비’의 브랜드를 알리기 위해 기획된 축제로, 미국 FDA 지정 청정해역인 고성바다와 자란만에서 생산되는 최고급 수산물 통합브랜드 ‘해자란’의 싱싱한 가리비를 만날 수 있는 온라인 가리비 특가대전과 고성군 공식 SNS이벤트를 통해 고성가리비를 보다 다채롭게 만날 수 있는 기회가 마련된다.",https://www.mcst.go.kr/attachFiles/cultureInfoCourt/localFestival/notifyFestival/1668648081935.jpg,경상남도 고성군,온라인 개최,"가리비 3㎏ 19,900원 / 5㎏ 29,800원",기간 : 2022. 12. 1. ~ 9.
5,2022 경기전 수문장 교대의식 - 경기전을 지켜라,"조선시대 수문장은 궁권의 문을 지키는 책임자였으며, 정해진 절차에 따라 문을 여닫고 근무교대를 통하여 국가의 중심인 국왕과 왕실을 호위함으로써 나라의 안정에 기여하였다.경기전 수문장 교대의식을 구성하는 주요인물로는 경기전 수비를 담당하는 수호책임자로 수문군을 지휘하는 수문장을 비롯하여 수문장을 보좌하는 종사관, 교대의식을 감독하는 전직, 대종고 관리와 타고를 진행하는 수종장, 경기전문을 수호하는 충의군과 파수병인 기수대, 신호와 행렬을 담당하는 취타대로 이루어져 있다.조선시대 왕궁을 수위하던 수문장의 교대의식을 참고하여 전주한옥마을 경기전 수문장 교대의식을 전주다움으로 새롭게 연출한 프로그램입니다. 조선왕조 발상지로서의 전주와 경기전의 역사적 상징성을 재조명하여 천년고도 전주시의 고유한 문화관광 프로그램으로 관광객 여러분과 함께 하고자 한다.",https://www.mcst.go.kr/attachFiles/cultureInfoCourt/localFestival/notifyFestival/1667435137842.jpg,전라북도 전주시,전주 경기전 내,무료,기간 : 2022. 9. 17. ~ 12. 10. / 매주 토요일 14:00
6,2022 미추홀 윈터마켓,"미추홀 윈터마켓은 주안역 남광장에서 개최되는 인천의 대표 크리스마스 축제로 대형 트리, 빛 터널 등 크리스마스 경관조명과 지역연계 크리스마스 마켓, 버스킹 공연, 다양한 크리스마스 체험프로그램과 이벤트 등을 만나볼 수 있는 행사이다. 주안역 남광장 일대는 12월이면 캐롤 음악이 가득하고, 첫눈이 내리면 만남의 장소로 인기가 있었던 장소로 매년 이 곳에서 열리는 미추홀 윈터마켓을 통해 따뜻한 연말 분위기를 느낄 수 있었다. 올해는 특히 귀여운 인천시 캐릭터 버미의 벌룬 인형 등 다양한 포토존을 마련하여 개최하며 대형 트리 등 일부 경관조명을 연말까지 연장 운영할 예정이다.",https://www.mcst.go.kr/attachFiles/cultureInfoCourt/localFestival/notifyFestival/1669855476675.jpg,인천시 ,주안역 남광장,무료,기간 : 2022. 12. 10. ~ 12. 11. / 14:00 - 20:00
7,2022 제11회 유러피언 크리스마스 마켓,"올해로 제11회째 맞이하는 유러피언 크리스마스 마켓은 11개국 주한유럽대사관들과 인근 상인협의회의 참여와 후원으로 유럽 전통 크리스마스 시즌 음식과 수공예 장식품을 선보일 예정이다. 시즌 음식에는 프랑스 소시지, 스페인 빠에야, 럼커피, 독일 글뤼와인, 불가리아 미트볼스테이크, 헝가리 굴라쉬와 수공예 물품에는 도자기, 식탁보 수건, 핸드페인팅 작품 등 유럽 각국의 전통 크리스마스 데코 용품으로 가정에서도 유럽풍의 크리스마스를 즐길 수 있을 것이다. 내·외국인이 한자리에 모여 거주 외국인은 고향의 향수를 느끼고 내국인은 유럽의 다양한 크리스마스 문화를 체험하며 상호 이해를 통해 함께하는 공동체를 실현하고, 판매 수익 기부를 통해 나누고 베푸는 크리스마스 본연의 의미를 전파한다. 유럽의 정통 크리스마스의 로맨틱한 분위기에 각 나라의 맛과 멋을 더한 이색적인 겨울축제로 매년 국내 내·외국인에게 사랑받는 축제로 자리매김했다. 코로나 이후 3년 만에 재게 하게 되어 그 의미가 더 크다고 할 수 있으며 주한 외 교대 사 등 주요 내 외빈이 함께 참여하여 행사를 축하할 예정이다. 특히 이번 행사는 공연 및 이벤트를 축소하여 안전하고 차분하게 진행하고자 한다. 또한 나와 내 가족의 응급상황 시 빠르게 대처할 수 있는 심폐소생술(CPR) 체험 부스를 운영하며 행사장 및 주변 상황에 대해 그 어느 때보다 안전을 최우선시 할 예정이다.",https://www.mcst.go.kr/attachFiles/cultureInfoCourt/localFestival/notifyFestival/1669597352350.jpg,서울시 성북구,지하철 4호선 한성대입구역 2번출구 성북천분수마루,무료 / 부스별 음식 및 상품 가격 상의,기간 : 2022. 12. 10. ~ 11. / 12:00 - 19:00
8,4th ASCOM BLUES FESTIVAL,"부평은 미국의 블루스 리듬을 가장 먼저 받아들였고, 미8군 오디션을 통과해 부평 삼릉에서 픽업하던 한국 청년 뮤지션들은 한국인들의 정서를 담아낸 한국적 블루스 리듬을 만들어낸 한국대중음악사에 빛나는 금자탑을 세운 지역이다. 한국 블루스 역사를 개척한 부평에서 그 의미와 가치를 새롭게 하기 위해 ASCOM BLUES FESTIVAL를 개최하고 있다. 부평이 한국적 블루스 리듬을 새롭게 창작해 낸 시작점이라는 의미와 가치를 한국의 블루스 연주자들과 함께 공유하고 알려내고자 애스컴블루스페스티벌을 열고 있다.4th ASCOM BULES FESTIVAL(2022)은 2022년 12월 17일(토) 부평 락캠프에서 열린다. 한국 블루스 역사를 이어가는 블루스밴드 ‘정유천블루스밴드’ ‘써드스톤’ ‘탐블루스밴드’ ‘알버트헤이트블루스밴드’를 초청해서 한국 블루스 진수를 느낄 수 있도록 마련했다.",https://www.mcst.go.kr/attachFiles/cultureInfoCourt/localFestival/notifyFestival/1669939940497.jpg,인천시 부평구,부평 락캠프,애스컴시티뮤직아트페어,기간 : 2022. 12. 17. / 19:30 - 22:00
9,제5회 아동이 주인공인 행복한 언택트 축제,"인천 서구청에서 2022 제5회 아동이 주인공인 행복한 축제를 개최한다! 올해 5회째 진행되는 인천 서구 대표 축제로, 아동을 위한, 아동에 의한, 아동축제이다. 5기 아동축제기획단 라온 친구들이 직접 기획한 프로그램을 12월 17일 온라인에서 다양하게 만날 수 있다.",https://www.mcst.go.kr/attachFiles/cultureInfoCourt/localFestival/notifyFestival/1666587982621.jpg,인천시 서구,온라인 개최,무료,기간 : 2022.12. 17.
10,제35회 해운대 북극곰축제,"해운대 북극곰축제는 얼음이 꽁꽁 언 북극해에서도 여유롭게 수영을 즐기는 북극곰처럼 한 겨울 영하의 차가운 날씨에도 바닷물에 뛰어들어 수영을 즐기며 한 해의 건강을 기원하는 행사이다. 명실상부한 겨울 바다 최고의 축제로서 국내외에서도 5,000여명 이상이 참가하는 우리나라 최고의 겨울철 축제이며 참가 대상은 국내외에 거주하는 한국인, 외국인 남녀노소 누구나 참가할 수 있다. 2011년 영국 BBC는 방송을 통해 겨울에 도전해볼만한 이색 스포츠 10선 중 첫 번째로 꼽았다. 1988년 올림픽을 기념해 개최하기 시작한 해운대 북극곰축제는 공식적으로 겨울 수영을 할 수 있는 이색 축제로 자리매김하고 있다.",https://www.mcst.go.kr/attachFiles/cultureInfoCourt/localFestival/notifyFestival/1669940767188.jpg,부산시 해운대구,해운대해수욕장 백사장 일원,"무료, 참가비용 30,000원",기간 : 2022. 12. 23. ~ 24.
11,코엑스 윈터 페스티벌 (Coex Winter Festival),"올해로 9회차를 맞은 코엑스 윈터 페스티벌은 매해 새해 띠 동물을 조명하는 도심 속 소원성취 페스티벌이다.2023년 새해는 검은 토끼의 해인 계묘년이다. 새해를 기념하는 모든 이들에게 행운과 행복 그리고 건강을 기원하며 국내외 다양한 작품 활동을 하고 있는 작가님들과 함께 토끼를 주제로 특별한 전시를 진행한다. 예술 작품을 통해 지난 몇 해 코로나로 지치고 힘들었던 모든 이들에게 희망과 힐링의 메시지를 전달하고, 역동적인 한 해로 채워나갔으면 하는 바람을 담은 페스티벌이다.",https://www.mcst.go.kr/attachFiles/cultureInfoCourt/localFestival/notifyFestival/1669855853265.jpg,서울시 강남구,"코엑스 광장, 코엑스 K-POP광장, 코엑스 실내로비",무료,기간 : 2022. 12. 19. ~ 25. / 10:00 ~ 19:00
12,누웨마루 페스티벌 더 크리스마스,누웨마루 거리를 찾아온 산타와 빛나는 트리 아름다운 음악이 흐르는 누웨마루 페스티벌지역 상권을 활성화 시키는 다양한 부대 이벤트와 산타가 주는 행운의 선물이 쏟아지는 크리스마스의 선물 같은 페스티벌,https://www.mcst.go.kr/attachFiles/cultureInfoCourt/localFestival/notifyFestival/1669855781304.jpg,제주도 제주시,누웨마루 거리 일원,무료,기간 : 2022. 12. 1. ~ 25. / 18:00~22:00
13,2022 서울 빛초롱,"제14회를 맞이하는 2022 서울 빛초롱 전시는 광화문광장 재개장을 기념하여 광화문광장에서 치러질 예정이며, 아름다운 빛 조형물과 미디어파사드를 관람하실 수 있다.",https://www.mcst.go.kr/attachFiles/cultureInfoCourt/localFestival/notifyFestival/1669940811875.jpg,서울시 종로구,광화문광장,무료,기간 : 2022. 12. 19. ~ 31. / 18:00~22:00 (31일은 24:00까지)
14,2022 정신건강축제 - 내 마음을 가꾸는 정원,정신건강의학과 의사들이 직접 만든 의학 정보 콘텐츠 자료 전산화. 내 마음을 가꾸는 정원에서 마음 치유 방법을 찾아보자.,https://www.mcst.go.kr/attachFiles/cultureInfoCourt/localFestival/notifyFestival/1665463708294.jpg,서울시 서초구,"KB청춘마루, 북쌔즈, 온라인 http://koreamentalhealth-knpa.com",무료,기간 : 2022. 10. 4. ~ 12. 31.
15,부산국제광고제,"부산국제광고제는 아시아 최대 규모이자 국내 유일의 국제광고제이다.‘세상을 바꾸는 창조적인 솔루션을 공유’ 하는 마케팅 ∙ 광고 ∙ 디지털 콘텐츠 관련 국제 행사로써, 광고인 만이 즐기는 행사를 넘어 창의력과 아이디어를 가진 일반인도 함께하는 전 세계인의 축제로 자리 매김했다.2022 부산국제광고제는 MAD(세상을 바꿀 기상천외한 아이디어를 찾아라)를 주제로 오는 8월 25일(목)부터 8월 27일(토)까지 부산 벡스코 및 해운대 일원과 온라인 페스티벌 누리집에서 개최된다.",https://www.mcst.go.kr/attachFiles/cultureInfoCourt/localFestival/notifyFestival/1660090773168.jpg,부산시 해운대구,온라인 페스티벌 홈페이지,"∙ 일반인 - Complete 패키지(900,000원) - Conference 패키지(500,000원) ∙ 학생 - Student 패키지(100,000원) ∙ 온라인 전용 - ON Line 패키지(100,000원)",기간 : 2022. 1. 1. ~ 12. 31.
16,제34회 춘천인형극제,"올해로 34회째를 맞이하는 춘천인형극제는 다양한 인형극 문화예술프로그램을 제공하며, 인형극 장르의 확산과 발전을 위해 다양하고 구체적인 분산개최형 문화예술축제를 개최한다.올해는 국내뿐만 아니라 세계 각국의 인형극단들이 참가하는 아시아 최대 인형극 축제로 진행되며 1년 내내 춘천인형극장과 춘천시 일대 곳곳에서 개성 넘치는 4계절 축제로 찾아갈 예정이다.",https://www.mcst.go.kr/attachFiles/cultureInfoCourt/localFestival/notifyFestival/1652234645171.jpg,강원도 춘천시,춘천인형극장 및 춘천시 일대,축제별 상이,기간 : 2022. 4. 1. ~ 12. 31. / 축제별 상이/분산개최
17,안산별빛마을,"<2022 안산별빛마을 애니멀 & 하트빌리지 빛축제>고속도로 변에 한적하게 위치한 도심 속 숲에는 별빛이 내린 빛의 정원과 200여 마리의 실사이즈 동물 조형물들, 그리고 사랑하는 사람들과 추억을 남길 수 있는 포토존들로 가득하다.",https://www.mcst.go.kr/attachFiles/cultureInfoCourt/localFestival/notifyFestival/1610323603671.jpg,경기도 안산시,안산별빛마을포토랜드,"대인(중학생 이상) 7,000원 / 소인(24개월 ~ 초등학생) 5,000원 / 장애인·경로 5,000원",기간 : 2022. 1. 1. ~ 12. 31. / 평일 15:00~23:00 / 공휴일·주말 15:00~23:00
18,롯데월드 miracle winter,반짝반짝 빛나는 트리와 로맨틱한 캐럴이 곳곳에 울려 퍼지는 낭만 가득한 크리스마스가 다가오고 있다. 로맨틱의 끝판왕 테마파크도 사람들에게 행복 넘치는 크리스마스를 선물하기 위해 분주하게 준비하고 있다.그중 대한민국 대표 테마파크 롯데월드 어드벤처가 겨울 시즌 축제를 미리 오픈하며 크리스마스 축제의 포문을 연다.,https://www.mcst.go.kr/attachFiles/cultureInfoCourt/localFestival/notifyFestival/1542154660254.JPG,서울시 송파구,롯데월드 어드벤처,자세한 요금정보는 누리집에서 확인,기간 : 2022. 11. 19. ~ 12. 31.
19,"근현대사 추리여행, 사라진 열쇠를 찾아라","○ 역사적 사실에 바탕을 둔 이야기 과제를 푸는 체험프로그램이다.○ 스마트폰만 있으면 별도 사전절차나 비용없이 누구나 상시참여 가능하다.○ 북한산 둘레길 1, 2구간을 걸으며 강북구의 역사문화 유산을 체험할 수 있다.○ 게임 진행 도중 막히는 부분이 있다면 스마트폰 화면 왼쪽 상단의 전구아이콘을 눌러 힌트를 확인이 가능하다.○ 2개의 코스로 이루어져 있으며 A코스는 16시, B코스는 18시에 운영종료한다.○ 최초 1회 완료시 모바일상 설문조사 후 5천원 상당의 문화상품권이 지급된다.(선착순이며, 설문조사 다음 달에 지급된다.)*공원 남쪽 놀이터 인근에 솔밭숲속문구함이 있습니다. 참고바랍니다.*",https://www.mcst.go.kr/attachFiles/cultureInfoCourt/localFestival/notifyFestival/1665103643895.png,서울시 강북구,솔밭근린공원,무료,기간 : 2022. 4. 23. ~ 12. 31.
20,진도토요민속여행 상설공연,"대한민국 최초 민속문화예술특구로 지정된 보배섬 진도에서 펼쳐지는 진도토요민속여행 상설공연은 매주 토요일 오후 2시부터 진도향토문화회관 대공연장에서 진도군의 전통민속 문화예술 자원을 활용한 공연의 관광상품화로 관광객 500만명 유치 및 진도군의 우수한 무형문화유산을 무대극화 하여 관광진도를 찾는 국내외 관광객들에게 문화예술 체험의 기회와 즐길거리, 볼거리를 제공하기 위함이다. 진도 토요민속여행 상설공연은 독특한 진도의 전통 민속, 민요를 대외적으로 알리는 최고의 관광상품으로서의 가치를 인정받아 2018년 12월 한국관광의 별로 선정되었다.",https://www.mcst.go.kr/attachFiles/cultureInfoCourt/localFestival/notifyFestival/1627261532795.JPG,전라남도 진도군,향토문화회관 대공연장,무료입장,기간 : 2021. 3. 1. ~ 12. 31. / 매주 토요일 오후 2시
21,대한민국 독서대전,"전국 최대 독서문화축제, 대한민국 독서대전이 2022년 원주시에서 개최된다.강연, 체험, 전시, 공연 등 다양한 프로그램에 참여해보자.연중 프로그램:2022년 1월~12월본행사:2022년 9월 23일(금)~25일(일)장소:원주댄싱공연장 및 원주시 전역",https://www.mcst.go.kr/attachFiles/cultureInfoCourt/localFestival/notifyFestival/1663809290906.jpg,강원도 원주시,원주 댄싱공연장 및 원주시 전역,무료,기간 : 2022. 9. 23. ~ 12. 31.
22,퍼스트가든 빛축제,"퍼스트가든은 아름다운 조명으로 정원을 장식한 별빛축제를 365일 연중무휴 운영한다. 자수화단의 환상적인 별빛, 토스카나 광장의 이국적인 별빛, 로즈가든의 정열적인 별빛은 추위로 얼어붙은 겨울밤을 녹이고 로맨틱한 겨울밤 분위기를 자아낸다. [별빛이 흐르는 정원]을 슬로건으로 은하수를 담은 별자리 여행처럼 더 화려하고 볼거리가 많은 별빛축제로 새롭게 모습을 선보이며, 약 2만평 규모의 테마정원마다 다른 주제로 사계절의 대표 별자리를 비롯한 다양한 별자리가 지상에 내려앉은 모습을 볼 수 있다.퍼스트가든 별빛축제는 4계절을 담아낸 다양한 별자리정원 뿐만 아니라 생명과 희망을 담은 ‘바오밥’나무 별빛, 나비정원 별빛 등 각 테마정원마다 스토리를 담아낸 별빛테마정원과 곳곳마다 별빛황금마차, 별빛아이캐릭터 등 볼거리와 포토존으로 구성하여 연인과 가족들의 눈을 즐겁게 해줄 예정이다. 2020년 퍼스트가든 빛축제에는 작년에 비해 조명이 더 추가되어 더욱 화려한 정원을 뽐내고 있다.그 외에 퍼스트가든은 자동차극장, 레스토랑, 웨딩홀, 놀이시설, 체험학습, 기프트샵, 사계절 썰매장, 챌린지 코스 등 다양한 편의 시설을 갖추고 있어 이번 겨울, 소중한 이들과 함께 즐거운 추억을 만끽할 수 있습니다. 큰 감동을 주는 아름다운 퍼스트가든 별빛축제로 지금 초대한다.",https://www.mcst.go.kr/attachFiles/cultureInfoCourt/localFestival/notifyFestival/1575509326831.jpg,경기도 파주시,퍼스트가든 내 전역,"주말 및 공휴일-대인 12,000원/ 소인 11,000원 / 평일- 대인 9,000원/ 소인 8,000원",기간 : 2022. 1. 1. ~ 12. 31. / 일몰후 ~ 오후 10:00
23,2023 카운트다운부산,"부산 광안리해변에서 시민과 함께 한해를 보내는 행사이며, 각종 이벤트, 초대가수공연이 진행이 된다.2022년을 마무리하고 2023년 계묘년 토끼의 해를 맞아 새해의 첫 시작과 미래를 향한 도약, 힘찬 응원의 메시지 전하는 카운트다운 부산은 수영구 광안리 해수욕장을 배경으로 유튜브 캐내네 뮤직, 수영구 TV, 메타버스 이프랜드 내 부산랜드 카운트다운에서 스트리밍 서비스된다.",https://www.mcst.go.kr/attachFiles/cultureInfoCourt/localFestival/notifyFestival/1669940883865.jpg,부산시 해운대구,부산광역시 수영구 광안리해변,무료,기간 : 2022. 12. 31. ~ 2023. 1. 1. / 23:00 ~ 00:10 (70분)
24,서천 마량진항 해넘이·해돋이 축제,"올 한해 열심히 달려온 우리를 위한 선물, 한 곳에서 해넘이와 해돋이를 감상할 수 있는 서천군 마량진항!서면개발위원회는 12월 31일부터 1월 1일까지 서면 마량진항 일원에서 「서천 마량진항 해넘이·해돋이 축제」를 개최한다. 서해안에서 일몰과 일출을 한 장소에서 볼 수 있는 서천군 마량진항은 매년 한해의 마무리와 함께 새해의 소망을 기원하기 위해 많은 관광객들이 찾는 곳이다.",https://www.mcst.go.kr/attachFiles/cultureInfoCourt/localFestival/notifyFestival/1669856210511.jpg,충청남도 서천군,서면 마량진항 일원,무료,기간 : 2022. 12. 31. ~ 2023. 1. 1.
25,서울라이트 DDP,"‘2022 서울라이트 DDP’ 본 행사는 다가오는 12월 17일부터 23년 1월 1일까지 풍성한 프로그램으로 여러분을 맞이한다.2022 서울라이트 DDP는 10월 가을 행사를 통해 우주적 삶을 향해 걸어가는 ‘코스모워커 D맨’의 모습을 선보였다. 11월은 ＜우주 백패킹＞ 전시를 통해 우주 탐사의 시작을 준비하는 차세대 작가들의 실험적인 미디어아트 작품을 내년 1월까지 만나볼 수 있다.2022 서울라이트 DDP 주요 행사 : ＜DDP 우주와의 만남, Rendez-Vous(랑데-부)＞2022.12.17. ~ 2023.1.1. 19:00~22:00DDP 서측 222m 외벽랑데-부(Rendez-vous)는 프랑스어로 ‘만남’을 뜻하는 의미로 사용되나, 항공우주 용어로서 우주를 유영하는 두 물체가 만나는 행위에 대한 의미를 함께 담고 있다.2022년 서울라이트 DDP 본 행사는 우주적 삶이라는 주제를 ‘우주와의 만남, 랑데-부(Rendez-Vous)로 표현한다.서울의 중심부에 위치한 만남의 광장이며, 과거와 현재 그리고 미래를 향한 선들이 동시에 교차하는 동대문디자인플라자(DDP)에서 시민들은 우주를 미디어아트로 경험하게 된다. 서울라이트는 우주라는 무한한 가능성의 공간을 경계 없는 상상력으로 제시해낼 예정이다.예술, 디자인, 기술 분야에서 실력이 증명된 아티스트들과의 만남’이 ‘도심에 착륙한 우주선’으로 비유되는 DDP의 222m에서 환상적인 모습으로 시민 여러분을 찾아간다.●2022 서울라이트 DDP 크리스마스 행사 : ＜함께이기에 외롭지 않은 크리스마스＞●2022.12.22. ~ 2022.12.25. 19:00~22:00●DDP 서측 222m 외벽●2022 서울라이트 DDP 새해 카운트다운 행사 : ＜HELLO 2023, Heart-Beat New Year＞●2022.12.31. 23:50~ (*2022.12.31.에서 2023.1.1.로 이어지는 카운트다운)●DDP 서측 222m 외벽●서울라이트X기아(KIA) : ＜오퍼짓 유나이티드‘Opposites United’＞●2022.12.17. ~ 2023.1.1. 20:30~●DDP 서측 222m 외벽●2022 서울라이트 DDP 포럼 : ＜DDP 포럼 ‘Your Dream Space’＞●2022.12.8. 14:00 DDP 디자인랩 2층 오픈라운지●온라인 & 오프라인내 안의 우주를 찾아서라는 주제로 열리는 시민 참여형 포럼입니다. 22년 서울라이트 DDP를 대표하는 미디어, 예술, 과학의 영역에서 우주를 그리는 전문가들의 새롭고 다양한 이야기를 다룰 예정이다.●2022 서울라이트 DDP 빛 조형물 전시 : ＜2023 HIGH! FIVE!＞●2022.12.6. ~ 2023.1.1.●DDP 아트홀 1층 A3 출입구 인근",https://www.mcst.go.kr/attachFiles/cultureInfoCourt/localFestival/notifyFestival/1669856152872.jpg,서울시 중구,DDP,무료,기간 : 2022. 12. 17. ~ 2023. 1. 1. / 19:00~21:00
26,제4회 수성빛예술제,"빛으로 예술을 디자인하고 빛으로 공동체를 이야기하는 수성빛예술제.빛, 가치(value)를 같이(together)보다란 슬로건으로 2022년 12월 9일부터 2023년 1월2일까지 사람과 소통, 예술적 상상력, 공동체의 나눔과 행복의 가치를 실현하고 추억을 나누는 빛예술제이다.주요내용 : 수성빛예술학교 주민참여 작품 전시, 기획전시(상화의 뜰)전문작가전시 (작가의 빛뜨락), 드론아트쇼, 체험 프로그램, 성탄기념 특별이벤트 등",https://www.mcst.go.kr/attachFiles/cultureInfoCourt/localFestival/notifyFestival/1669766484595.jpg,대구시 수성구,수성못 일원,무료,기간 : 2022. 12. 9. ~ 2023. 1. 2. / 17:00 ~ 23:00
27,"헬로, 메리크리스마루 「CHRISTMAS MARKET」",KB청춘마루와 소상공인의 크리스마스 콜라보레이션따뜻한 연말을 위한 크리스마스 아이템이 가득한 플리마켓마켓 뿐만 아니라 따뜻한 연말 분위기를 느낄 수 있는 루미나리에 전시와 다양한 이벤트 진행,https://www.mcst.go.kr/attachFiles/cultureInfoCourt/localFestival/notifyFestival/1669766646311.jpg,서울시 마포구,KB청춘마루,무료,기간 : 2022. 11. 25. ~ 2023. 1. 8.
28,네이처파크 [미라클 크리스마스],"리조트 스파밸리 네이처파크는 꽃과 나무, 동물이 함께하는 교감형 생태 동물원이다.네이처파크는 4계절 축제가 다양하게 열리며, 이번 겨울시즌 [미라클 크리스마스]로 2022.11.26 부터 2023.01.08까지 축제을 진행한다.가족들과 함께 동.식물원 관람을 하며, 크리스마스를 느껴볼 수 있는 좋은 관광지 이다.",https://www.mcst.go.kr/attachFiles/cultureInfoCourt/localFestival/notifyFestival/1605745607938.jpg,대구시 달성군,리조트스파밸리-네이처파크,"유료 (정상가 성인1인 18,000월 / 소인1인16,000원 / 24개월미만 무료)","기간 : 2022. 11. 26. ~ 2023. 1. 8. / 주중, 주말 10:00~18:00"
29,2022 별빛내린천 신사리상권 릴레이 이벤트,별빛내린천 신사리 상권 릴레이 이벤트는 코로나19로 인해 위축된 지역문화 예술인이 각자의 예술 활동을 자유롭게 펼칠 수 있는 무대를 제공하고 관객들과 만나 함께 교류 할 수 있는 장을 제공한다. 동시에 신사리를 찾은 많은 예술인과 지역 구민들이 지역 상권에 방문하는 계기를 제공하여 시장을 보다 더 생기있게 만들고 활성화 시킬 수 있도록 하는 행사이다.,https://www.mcst.go.kr/attachFiles/cultureInfoCourt/localFestival/notifyFestival/1665463787604.jpg,서울시 관악구,별빛내린천 수변무대,무료,기간 : 2022. 9. 23. ~ 2023. 1. 14.
30,제9회 해운대 빛축제,해운대의 대표적인 겨울축제로 자리매김하고 있는 제9회 해운대 빛축제가 2022년 11월 18일부터 2023년 1월 24일까지 개최된다.작년보다 2배로 넓어진 축제 현장에서 영롱하고 신비로운 빛의 향연을 느낄 수 있다. 백사장에서 진행되는 환상적인 빛의 파도와 거리마다 위치한 아름다운 빛의 조형물들을 볼 수 있다.해운대 빛의 바다에서 추억을 만들어보자.,https://www.mcst.go.kr/attachFiles/cultureInfoCourt/localFestival/notifyFestival/1668648219468.jpg,부산시 해운대구,"해운대해수욕장, 해운대광장(구남로), 해운대 시장, 온천길 일원",무료,기간 : 2022. 11. 18. ~ 2023. 1. 24.
31,휴애리 동백축제,"2022 휴애리 동백축제는 서귀포시 남원읍 신례리에 위치한 휴애리의 대표 겨울 축제이다. 이번 동백축제는 동백올레길, 동백온실, 동백정원 등 정성스럽게 키운 동백꽃을 공원 곳곳에서 감상할 수 있어 더욱 풍성한 축제가 될 것으로 예상한다.제주 겨울을 대표하는 동백꽃이 가득한 휴애리 동백축제는 웨딩스냅, 우정스냅 등 인생사진 찍기 좋은 장소로 인정받은 겨울 제주여행의 필수 코스이다. 휴애리 동백 축제에는 동백 뿐만 아니라 감귤체험도 함께 해 볼 수 있어, 아이를 동반한 가족에게는 교육과 학습의 시간을, 제주감귤을 좋아하시는 분들에게는 행복한 시간이 될 것 이다.",https://www.mcst.go.kr/attachFiles/cultureInfoCourt/localFestival/notifyFestival/1666139135933.jpg,제주도 서귀포시,휴애리 자연생활공원,"성인:13,000원/단체:11,000원/도민,장애우,유공자,경로우대:6,500원 / 청소년:11,000원/단체:9,000원/도민, 장애우 :5,500원 / 어린이:10,000원/단체:8,0000원/도민, 장애우 :5,000원단체는 30인 이상[학생단체(수학여행)등 방문 시 별도 문의 요망]경로할인은 만 65세 이상(신분증 제출)만 24개월까지는 무료입장세자녀 50%할인(자녀만 할인혜택, 고등학생까지) 제주특별자치도민, 장애인, 군경은 반드시 신분증 및 증명서를 제시",기간 : 2022. 11. 14. ~ 2023. 1. 31. / 09:00~17:30(입장마감 16:30 )
32,청도 프로방스 크리스마스 산타마을 빛축제,"청도프로방스 크리스마스 산타마을 빛축제레트로  빛축제와 산타마을 포토존으로 행복한 추억이 쌓이는 겨울 축제이다. 가족, 연인, 친구와 함께 즐거운 시간을 보내며 아름다운 조명 관람을 통해 겨울의 따듯한 빛을 느껴보길 바란다.조명외에 반 고흐 작품에 직접 들어갈 수 있는 경험할 수 있으며 거울미로에서 출구를 찾는 모험을 즐길 수 있다.",https://www.mcst.go.kr/attachFiles/cultureInfoCourt/localFestival/notifyFestival/1668401295192.jpg,경상북도 청도군,경상북도 청도군 화양읍 이슬미로 272-23 (화양읍),"유료, 누리집 참조",기간 : 2022. 11. 12. ~ 2023. 1. 31.
33,안성두메호수빙어축제,겨울철 얼음판 위에서 펼쳐지는 빙어낚시 겨울 레포츠를 체험해보시길 바란다.안성빙어축제가 열리는 광혜원저수지는 차련산맥 물줄기의 전형적인 계곡형 1급수 저수지로서 총면적 18만평의 경기도 안성시를 대표 하는 대형급 저수지 이다.상수원 지역에 오염원이 없어 1급수를 자랑하며 주변 경관도 수려하다.,https://www.mcst.go.kr/attachFiles/cultureInfoCourt/localFestival/notifyFestival/1669247974919.jpg,경기도 안성시,경기도 안성시 죽산면 두교리광혜원저수지,"기본1인 10,000원, 인원추가시 1인 5,000원 (미취학아동무료)",기간 : 2022. 12. 24. ~ 2023. 2. 5. / 09:00 ~ 17:00
34,제8회 고니골빛축제,"양잠농가의 겨울 비수기를 통한 일자리 창출과 넓은 농장을 이용하여 힐링을 주며 보는 즐거움인 빛과 더불어 아이들 겨울 놀거리로 썰매 타기 체험, 누에 실 뽑기 체험 외/ 뽕나무와 뽕잎, 오디를 이용한 먹거리도 즐길 수 있도록 준비해두었다.",https://www.mcst.go.kr/attachFiles/cultureInfoCourt/localFestival/notifyFestival/1636336290788.jpg,강원도 원주시,양잠테마단지 내,"입장료: 대인 5,000원/  소인:36개월이상,초 중 고 3,000원",기간 : 2022. 11. 19. ~ 2023. 2. 5. / 13:00~20:00
35,이월드 일루미네이션 2022,"올해 새롭게 선보이는 <이월드 일루미네이션 2022>라는 타이틀 아래 겨울 이월드에서만 볼 수 있는 아름답게 반짝이는 빛의 향연과 로맨틱하고 달콤한 겨울밤 분위기를 선보일 예정이다.밤이 되면 본격적으로 시작하는 이월드 일루미네이션은 대표 캐릭터 비비와 포포가 세상의 모든 달콤함이 담긴 스윗 빌리지로 떠나는 모험이라는 테마를 바탕으로 축제 기간 동안 이월드 전역이 달콤함이 가득 담긴 빛의 공간으로 재탄생한다. 11월 30일부터는 미디어 아트로 이월드 정문을 화려하게 밝혀주는 <매직스윗스테이션>을 한 달간 만나볼 수 있으며, 초대형 마법의 책 <자이언트 매직북>앞에서 펼쳐지는 프로젝션과 분수가 선보이는 환상적인 미디어 아트쇼도 즐길 수 있다.이월드 일루미네이션에서는 30여 종의 놀이기구도 함께 즐길 수 있다. 또한 83타워 전망대에서 바라보는 대구야경과 13만 평 전체가 빛으로 물들여진 이월드의 광경 또한 이월드 일루미네이션에서 반드시 즐겨야 하는 필수코스다. 축제 기간 동안 빨간 2층버스, 회전목마 등 다양한 포토존들이 공간 내 가득 차 있어 가는 발걸음마다 수백 장의 인생샷을 찍을 수 있게 해준다.보는 것만으로도 행복해지는 달콤한 공간 속에서 소중한 사람과 사랑이 담긴 추억을 남기고, 환상적인 시간을 만끽해보자.※ 자세한 행사내용은 이월드 인스타그램 @eworld.official 참조※ 일부 행사는 현장상황에 따라 변경 및 취소될 수 있다.",https://www.mcst.go.kr/attachFiles/cultureInfoCourt/localFestival/notifyFestival/1667525728799.jpg,대구시 달서구,이월드,유료 / 이월드 누리집 참고,기간 : 2022. 11. 19. ~ 2023. 2. 28.
36,허브아일랜드 불빛동화축제,"잃어버린 동심을 만날 수 있는 시간!매일 밤, 작은 불빛들이 만들어내는 동화 같은 세상은 누구에게나 잊지 못할 추억을 선사하며, 누구나 불빛세상의 주인공으로 만들어줄 아름다운 불빛야경이 준비되어 있다. 허브아일랜드 불빛동화축제는 우리를 동화 속 세상으로 초대한다. 결코 꺼지지 않는 불빛들의 네버엔딩스토리를 만나보자!",https://www.mcst.go.kr/attachFiles/cultureInfoCourt/localFestival/notifyFestival/1658106448765.jpg,경기도 포천시,포천시 허브아일랜드,"일반 : 9,000원  어린이(37개월~중학생):7,000원 / 우대(장애인, 노인, 국가유공자, 단체(20인)): 7,000원",기간 : 2022. 11. 1. ~ 2023. 3. 31. / 오전 10:00 ~ 오후 22:00(수요일 정기 휴장)
37,오크밸리 3D 라이팅쇼 소나타오브라이트,"내 발걸음만이 소리가 되어 메아리처럼 되돌아오는 자연 그대로의 숨길에 밤이 내리면 아름다운 조명과 신비한 이야기가 있는 환상적인 세계가 펼쳐진다.아름다운 빛의 연주가 겨울의 낭만으로 이끄는 오크밸리의 Sonata Of Light(빛의 소나타)를 걸어보자.빛나는 발자국으로 밤의 숨길을 걷다.문화와 예술이 살아 숨쉬는 오크밸리 조각 공원을 따라가면 산책과 산림욕을 동시에 즐길 수 있는 숨길이 조성되어 있다.계절별로 색다른 아름다움을 자랑하는 갖가지 야생화와 맑은 계곡, 연못 등이 반기는 1km 남짓한 산책로를 걷다보면 어느새 자연과 하나되어 건강과 느림의 미학을 일깨우게 된다.자연 그대로의 쉼터, 오크밸리의 대표 힐링 명소인 숨길이 이번 겨울 더욱 아름답고 신비롭게 변신한다.산책로를 따라 형형색색의 조명을 설치하고 화려한 볼거리를 제공하는 연출을 통해 산책의 낭만을 더하게 된다.‘Sonata Of Light(빛의 소나타)’로 명명되는 숨길 야간 테마는 총거리 1.4km, 5가지 테마로 꾸며진 구간을 약 50분에 걸쳐 감상한 후 오크3번코스로 내려오는 유료 프로그램이다.입장권은 티몬, 유인매표소에서 구매할 수 있다.회원은 50%, 제휴카드 & 단체 40%, 콘도 투숙객 30%, 지역주민 30%등의 할인혜택이 본인 포함 최대 4인까지 제공된다.아빠와 함께 가는 밤에 빛나는 골프장 페어웨이, 오크밸리 소나타오브라이트의 두번째 변신!아빠들의 전유물로 여겨졌던 골프장 페어웨이가 온 가족을 감동시킬 3D 라이팅쇼의 현장으로 또 한번 변신한다.국내 최초 숲 속 3D 라이팅쇼로 움직이는 숲을 연출한 오크밸리 ‘소나타 오브 라이트’가 이번에는 골프장 페어웨이 위 3D 라이팅쇼를 추가적으로 선보인다.음악 따라 춤추는 달빛, 조명으로 빛나는 꽃 길, 하상욱 시인의 네온사인 로드 등 다양한 콘텐츠 중 숲의 나무와 돌을 배경으로 3D 맵핑을 한 메인쇼가 가장 뜨거운 반응을 받아왔으며, 이에 더욱 풍성하고 감동적인 볼거리를 제공하고자 페어웨이를 3D 맵핑하여 골프장 잔디에 생명을 불어넣었다.이번 골프장 페어웨이 3D 맵핑으로 어디에서도 볼 수 없었던 광활한 대지의 율동감으로 전율을 느낄 수 있게 되었으며 콘텐츠를 관람할 수 있는 전용 데크를 설치하여 전용 관람 포인트에서 압도적인 몰입감을 선사한다.",https://www.mcst.go.kr/attachFiles/cultureInfoCourt/localFestival/notifyFestival/1554367567251.JPG,강원도 원주시,오크밸리 리조트 골프빌리지 산책로,"정상가 대인 20,000원 / 소인 15,000원 / 36개월 미만 무료입장",기간 : 2022. 1. 1. ~ 12. 31. / 18:00~22:00(21시 입장마감)
38,오크밸리 3D 라이팅쇼 소나타오브라이트,"내 발걸음만이 소리가 되어 메아리처럼 되돌아오는 자연 그대로의 숨길에 밤이 내리면 아름다운 조명과 신비한 이야기가 있는 환상적인 세계가 펼쳐진다.아름다운 빛의 연주가 겨울의 낭만으로 이끄는 오크밸리의 Sonata Of Light(빛의 소나타)를 걸어보자.빛나는 발자국으로 밤의 숨길을 걷다.문화와 예술이 살아 숨쉬는 오크밸리 조각 공원을 따라가면 산책과 산림욕을 동시에 즐길 수 있는 숨길이 조성되어 있다.계절별로 색다른 아름다움을 자랑하는 갖가지 야생화와 맑은 계곡, 연못 등이 반기는 1km 남짓한 산책로를 걷다보면 어느새 자연과 하나되어 건강과 느림의 미학을 일깨우게 된다.자연 그대로의 쉼터, 오크밸리의 대표 힐링 명소인 숨길이 이번 겨울 더욱 아름답고 신비롭게 변신한다.산책로를 따라 형형색색의 조명을 설치하고 화려한 볼거리를 제공하는 연출을 통해 산책의 낭만을 더하게 된다.‘Sonata Of Light(빛의 소나타)’로 명명되는 숨길 야간 테마는 총거리 1.4km, 5가지 테마로 꾸며진 구간을 약 50분에 걸쳐 감상한 후 오크3번코스로 내려오는 유료 프로그램이다.입장권은 티몬, 유인매표소에서 구매할 수 있다.회원은 50%, 제휴카드 & 단체 40%, 콘도 투숙객 30%, 지역주민 30%등의 할인혜택이 본인 포함 최대 4인까지 제공된다.아빠와 함께 가는 밤에 빛나는 골프장 페어웨이, 오크밸리 소나타오브라이트의 두번째 변신!아빠들의 전유물로 여겨졌던 골프장 페어웨이가 온 가족을 감동시킬 3D 라이팅쇼의 현장으로 또 한번 변신한다.국내 최초 숲 속 3D 라이팅쇼로 움직이는 숲을 연출한 오크밸리 ‘소나타 오브 라이트’가 이번에는 골프장 페어웨이 위 3D 라이팅쇼를 추가적으로 선보인다.음악 따라 춤추는 달빛, 조명으로 빛나는 꽃 길, 하상욱 시인의 네온사인 로드 등 다양한 콘텐츠 중 숲의 나무와 돌을 배경으로 3D 맵핑을 한 메인쇼가 가장 뜨거운 반응을 받아왔으며, 이에 더욱 풍성하고 감동적인 볼거리를 제공하고자 페어웨이를 3D 맵핑하여 골프장 잔디에 생명을 불어넣었다.이번 골프장 페어웨이 3D 맵핑으로 어디에서도 볼 수 없었던 광활한 대지의 율동감으로 전율을 느낄 수 있게 되었으며 콘텐츠를 관람할 수 있는 전용 데크를 설치하여 전용 관람 포인트에서 압도적인 몰입감을 선사한다.",https://www.mcst.go.kr/attachFiles/cultureInfoCourt/localFestival/notifyFestival/1554367567251.JPG,강원도 원주시,오크밸리 리조트 골프빌리지 산책로,"정상가 대인 20,000원 / 소인 15,000원 / 36개월 미만 무료입장",기간 : 2022. 1. 1. ~ 12. 31. / 18:00~22:00(21시 입장마감)
39,오크밸리 3D 라이팅쇼 소나타오브라이트,"내 발걸음만이 소리가 되어 메아리처럼 되돌아오는 자연 그대로의 숨길에 밤이 내리면 아름다운 조명과 신비한 이야기가 있는 환상적인 세계가 펼쳐진다.아름다운 빛의 연주가 겨울의 낭만으로 이끄는 오크밸리의 Sonata Of Light(빛의 소나타)를 걸어보자.빛나는 발자국으로 밤의 숨길을 걷다.문화와 예술이 살아 숨쉬는 오크밸리 조각 공원을 따라가면 산책과 산림욕을 동시에 즐길 수 있는 숨길이 조성되어 있다.계절별로 색다른 아름다움을 자랑하는 갖가지 야생화와 맑은 계곡, 연못 등이 반기는 1km 남짓한 산책로를 걷다보면 어느새 자연과 하나되어 건강과 느림의 미학을 일깨우게 된다.자연 그대로의 쉼터, 오크밸리의 대표 힐링 명소인 숨길이 이번 겨울 더욱 아름답고 신비롭게 변신한다.산책로를 따라 형형색색의 조명을 설치하고 화려한 볼거리를 제공하는 연출을 통해 산책의 낭만을 더하게 된다.‘Sonata Of Light(빛의 소나타)’로 명명되는 숨길 야간 테마는 총거리 1.4km, 5가지 테마로 꾸며진 구간을 약 50분에 걸쳐 감상한 후 오크3번코스로 내려오는 유료 프로그램이다.입장권은 티몬, 유인매표소에서 구매할 수 있다.회원은 50%, 제휴카드 & 단체 40%, 콘도 투숙객 30%, 지역주민 30%등의 할인혜택이 본인 포함 최대 4인까지 제공된다.아빠와 함께 가는 밤에 빛나는 골프장 페어웨이, 오크밸리 소나타오브라이트의 두번째 변신!아빠들의 전유물로 여겨졌던 골프장 페어웨이가 온 가족을 감동시킬 3D 라이팅쇼의 현장으로 또 한번 변신한다.국내 최초 숲 속 3D 라이팅쇼로 움직이는 숲을 연출한 오크밸리 ‘소나타 오브 라이트’가 이번에는 골프장 페어웨이 위 3D 라이팅쇼를 추가적으로 선보인다.음악 따라 춤추는 달빛, 조명으로 빛나는 꽃 길, 하상욱 시인의 네온사인 로드 등 다양한 콘텐츠 중 숲의 나무와 돌을 배경으로 3D 맵핑을 한 메인쇼가 가장 뜨거운 반응을 받아왔으며, 이에 더욱 풍성하고 감동적인 볼거리를 제공하고자 페어웨이를 3D 맵핑하여 골프장 잔디에 생명을 불어넣었다.이번 골프장 페어웨이 3D 맵핑으로 어디에서도 볼 수 없었던 광활한 대지의 율동감으로 전율을 느낄 수 있게 되었으며 콘텐츠를 관람할 수 있는 전용 데크를 설치하여 전용 관람 포인트에서 압도적인 몰입감을 선사한다.",https://www.mcst.go.kr/attachFiles/cultureInfoCourt/localFestival/notifyFestival/1554367567251.JPG,강원도 원주시,오크밸리 리조트 골프빌리지 산책로,"정상가 대인 20,000원 / 소인 15,000원 / 36개월 미만 무료입장",기간 : 2022. 1. 1. ~ 12. 31. / 18:00~22:00(21시 입장마감)
